Date,Mean,Land,Ocean,Year,Month
1950-01-01,-0.2503285846988767,-0.18189491925523163,-0.3953881189865271,1950,1
1950-02-01,-0.21382643011711847,-0.18349337073348648,-0.2607933894263874,1950,2
1950-03-01,-0.06202606543304301,-0.010588824286302131,-0.07660572708751986,1950,3
1950-04-01,0.052302985640802574,0.1662255787711675,0.07798870527144393,1950,4
1950-05-01,-0.15021025671544583,-0.09065530331445065,-0.11005327290264857,1950,5
1950-06-01,-0.22341369569491806,-0.17109186828711062,-0.19420689854464357,1950,6
1950-07-01,-0.14207871844926084,-0.16007152549825682,-0.205435050999835,1950,7
1950-08-01,-0.32325652708470903,-0.235943848783348,-0.39869277824620575,1950,8
1950-09-01,-0.520152519350383,-0.43787831029332924,-0.4910929842487763,1950,9
1950-10-01,-0.44574399564140355,-0.28758125947613056,-0.5404959113452094,1950,10
1950-11-01,-0.519546850038134,-0.484935761785784,-0.545393797453962,1950,11
1950-12-01,-0.4465729753570258,-0.3856154589738288,-0.5039126259563033,1950,12
1951-01-01,-0.26499296203258577,-0.202523777847048,-0.395603993445357,1951,1
1951-02-01,-0.380517213654969,-0.2516445496667953,-0.4753591794482456,1951,2
1951-03-01,-0.28847589168360477,-0.24324066830295238,-0.32504935928831313,1951,3
1951-04-01,-0.14541794211328643,-0.08146686582476946,-0.15085833084252206,1951,4
1951-05-01,-0.21726722046574382,-0.13687239497991685,-0.15967645039927858,1951,5
1951-06-01,-0.15776445592966182,-0.09843399977184392,-0.1718067899675408,1951,6
1951-07-01,-0.3799915967413103,-0.35231327746883667,-0.41943508479992553,1951,7
1951-08-01,-0.5304195593227182,-0.47071505967780286,-0.531060582965159,1951,8
1951-09-01,-0.3158293930539215,-0.21214780556093288,-0.35926654469930625,1951,9
1951-10-01,-0.5117668192378427,-0.5130925842083958,-0.5656094133857812,1951,10
1951-11-01,-0.4556414494772845,-0.3989929657699407,-0.4943986503868806,1951,11
1951-12-01,-0.5316640078105349,-0.5166700485574935,-0.5491638787693619,1951,12
1952-01-01,-0.3328166508308966,-0.22306431938465449,-0.391249384429233,1952,1
1952-02-01,-0.16728611940739177,-0.19344546464658052,-0.23938315188586223,1952,2
1952-03-01,-0.22027265536372093,-0.19821874772730033,-0.21575270149157863,1952,3
1952-04-01,-0.040808576543811155,0.028052017209414894,-0.16135519553112465,1952,4
1952-05-01,-0.16523716661337112,-0.03696096515165409,-0.21030775999915804,1952,5
1952-06-01,-0.20754775335770606,-0.16083526641135545,-0.25849023450494846,1952,6
1952-07-01,-0.33854903960131805,-0.316309015935978,-0.4239597607641459,1952,7
1952-08-01,-0.1931505599274845,-0.04909270645545499,-0.2548113664906596,1952,8
1952-09-01,-0.4529331816090595,-0.4753338766298717,-0.5505900133047218,1952,9
1952-10-01,-0.5841494712739684,-0.6440897691049725,-0.6485056795340597,1952,10
1952-11-01,-0.3693289679249472,-0.29732824542228053,-0.3887070991929253,1952,11
1952-12-01,-0.5004627433754807,-0.4755654545931112,-0.5685379196357858,1952,12
1953-01-01,-0.246681208067092,-0.2477428489236277,-0.23949489770105892,1953,1
1953-02-01,-0.36353457995554517,-0.2781167575905775,-0.4189625652443713,1953,2
1953-03-01,-0.2271810917005229,-0.16499105601196296,-0.27551959216829985,1953,3
1953-04-01,-0.04788144398065519,-0.02608537551749161,-0.0874756011170282,1953,4
1953-05-01,-0.020515828811138753,-0.034531048744683476,-0.06408895323919223,1953,5
1953-06-01,-0.15043073944857052,-0.05680787303456328,-0.10633828717368857,1953,6
1953-07-01,-0.2791323958063916,-0.19662233690845854,-0.3016961504193435,1953,7
1953-08-01,-0.39767793712649635,-0.3526367303154655,-0.4523201821835521,1953,8
1953-09-01,-0.588624847361198,-0.44629299755881474,-0.646617666961068,1953,9
1953-10-01,-0.5395519884070384,-0.5430562267233461,-0.5381682313607405,1953,10
1953-11-01,-0.48683652542043404,-0.5131127839666709,-0.600121917463669,1953,11
1953-12-01,-0.2618553449456761,-0.2464507484397383,-0.26854660253495105,1953,12
1954-01-01,-0.2223949277999106,-0.1746742286176855,-0.3208677878262475,1954,1
1954-02-01,-0.33306077229303016,-0.27089379982689554,-0.40442049038661443,1954,2
1954-03-01,-0.05114327906038951,-0.013205081953206008,-0.06883191356819937,1954,3
1954-04-01,-0.09526498479838838,-0.027662214972673543,-0.234030529428864,1954,4
1954-05-01,-0.15124387603046485,-0.16382084723998705,-0.14156203444264084,1954,5
1954-06-01,-0.09558912787266997,0.02659910233099301,-0.19154683655317006,1954,6
1954-07-01,-0.15365680450716163,-0.10776436342679006,-0.25368592040931054,1954,7
1954-08-01,-0.2636287448451368,-0.15776395326573045,-0.2800977343913046,1954,8
1954-09-01,-0.5138835898359083,-0.4467473225170231,-0.6335068548391247,1954,9
1954-10-01,-0.4876779943418782,-0.414840333384189,-0.5251756686119305,1954,10
1954-11-01,-0.3968354943732881,-0.3183471303616779,-0.4612701758372809,1954,11
1954-12-01,-0.2592022440445209,-0.18681681604365516,-0.32221833598308197,1954,12
1955-01-01,-0.29386336973047494,-0.21172723173709773,-0.33714793265694754,1955,1
1955-02-01,-0.16451184361232768,-0.04805421710570611,-0.2550522572703168,1955,2
1955-03-01,-0.18337436258966103,-0.12354830410458752,-0.2730487986172717,1955,3
1955-04-01,-0.165566608354013,-0.08011642047458736,-0.12814000969210393,1955,4
1955-05-01,0.008511717050361634,0.0540249323360003,-0.106705295093546,1955,5
1955-06-01,-0.010321943088863667,0.11168391768360998,0.022802656312920055,1955,6
1955-07-01,-0.2531469581039793,-0.23696657320694278,-0.3547742683210622,1955,7
1955-08-01,-0.24559265615674342,-0.10554563451120264,-0.3519279129981226,1955,8
1955-09-01,-0.38298742419807025,-0.3349953217302874,-0.37843910268731035,1955,9
1955-10-01,-0.5104579214064584,-0.5319966765123608,-0.5399172070087291,1955,10
1955-11-01,-0.3830114661519923,-0.3266062454064528,-0.3777262327276955,1955,11
1955-12-01,-0.1921422892993491,-0.17619487217309313,-0.23139623778491233,1955,12
1956-01-01,-0.23871773904613028,-0.14668556159669408,-0.2733160248368432,1956,1
1956-02-01,0.0213292304462655,0.03869803148114596,-0.06765379616720149,1956,2
1956-03-01,-0.32390456478722185,-0.29621373644796084,-0.43942000209320226,1956,3
1956-04-01,0.047055115302387276,0.0025780787551107215,-0.07272907523711053,1956,4
1956-05-01,-0.05322534755443024,-0.02584066351688407,-0.07511694622551512,1956,5
1956-06-01,-0.1650358701817219,-0.23622983651316973,-0.2045747764944955,1956,6
1956-07-01,-0.22595905748158487,-0.255154198655871,-0.19178714787053736,1956,7
1956-08-01,-0.5338920265952243,-0.4458712937880094,-0.5435985232704148,1956,8
1956-09-01,-0.43030740467577405,-0.34101739674323245,-0.528549986330647,1956,9
1956-10-01,-0.3994238779839605,-0.32815099989471225,-0.530203019161372,1956,10
1956-11-01,-0.26055081141787123,-0.25889961857433186,-0.24883336782387513,1956,11
1956-12-01,-0.38696215696249997,-0.33934772476959896,-0.40733894400485526,1956,12
1957-01-01,-0.3051736846136431,-0.2553538115681715,-0.3538533967656967,1957,1
1957-02-01,-0.17450002868277797,-0.1824182631424051,-0.23850808662375833,1957,2
1957-03-01,0.04042096820277084,0.16559088329112837,0.030901144198853148,1957,3
1957-04-01,0.008550786641644152,0.10241890117042773,-0.06265226558156034,1957,4
1957-05-01,-0.10409526394414043,-0.06514347263562362,-0.13040329659059463,1957,5
1957-06-01,-0.0729975810129887,-0.02165328906326216,-0.12227496746907475,1957,6
1957-07-01,-0.21461656938952023,-0.15419742899214262,-0.2919307817897052,1957,7
1957-08-01,-0.2274598252710353,-0.27954656869224986,-0.2777809387615822,1957,8
1957-09-01,-0.46773471446894727,-0.4300935835949771,-0.49591541994261884,1957,9
1957-10-01,-0.4570905389841011,-0.4411897513839911,-0.5016100487878096,1957,10
1957-11-01,-0.43674022039442784,-0.43682122088917363,-0.4823220724341611,1957,11
1957-12-01,-0.47067581913753626,-0.43473083378183397,-0.5021752676434299,1957,12
1958-01-01,-0.1839014858070559,-0.044017159464579764,-0.22096168267370078,1958,1
1958-02-01,-0.08740798629552457,-0.005365843232174067,-0.21734034482076042,1958,2
1958-03-01,-0.039797087092379675,-0.018356036581519512,-0.11784305948944163,1958,3
1958-04-01,-0.036972226851028175,0.041656912216779765,-0.07219821094957016,1958,4
1958-05-01,-0.18184550696166718,-0.061877735132367065,-0.26669322718720395,1958,5
1958-06-01,-0.1555780457900494,-0.05934636164441097,-0.1888870713022489,1958,6
1958-07-01,-0.24778496516619042,-0.1948034466701817,-0.35644119704552246,1958,7
1958-08-01,-0.3937412404356753,-0.376088079320954,-0.46222335004558,1958,8
1958-09-01,-0.40284716543700216,-0.3179359997563227,-0.4474820582367907,1958,9
1958-10-01,-0.37310842783205966,-0.30343415856097217,-0.44549427412257353,1958,10
1958-11-01,-0.1981000041493482,-0.10334034314796157,-0.16955619654592324,1958,11
1958-12-01,-0.2960557322303297,-0.21429714214623125,-0.28971735878483945,1958,12
1959-01-01,-0.17694766363042624,-0.07447002786445948,-0.16725141331047347,1959,1
1959-02-01,-0.11014729427931942,-0.08690905485734782,-0.16729444901750476,1959,2
1959-03-01,-0.22137474347571912,-0.10550504019400282,-0.3580004934499737,1959,3
1959-04-01,-0.005354090247624363,0.054525889986995625,-0.166919097557256,1959,4
1959-05-01,-0.023474600951712284,0.130288442679551,-0.10537715602375014,1959,5
1959-06-01,0.14362150854582595,0.15916211764134755,0.06857928479860309,1959,6
1959-07-01,-0.2219387991808149,-0.08514060902255244,-0.18188591247317798,1959,7
1959-08-01,-0.2725479684693414,-0.21265242929620898,-0.2954142784826403,1959,8
1959-09-01,-0.37937896043011476,-0.36194986061083717,-0.3899897728347028,1959,9
1959-10-01,-0.5195705064646559,-0.49376479816737195,-0.5385281265521,1959,10
1959-11-01,-0.2616255020080884,-0.22764286741780437,-0.3032183110788489,1959,11
1959-12-01,-0.22750939943402537,-0.15630110211392956,-0.253904870549169,1959,12
1960-01-01,-0.11278869718758718,-0.03664692278581219,-0.06382370666879779,1960,1
1960-02-01,-0.1828306373713658,-0.16151563756829473,-0.2702261501772425,1960,2
1960-03-01,0.12159261995860579,0.17037489034555664,0.12522977124559612,1960,3
1960-04-01,-0.13207699817111995,0.02503651975947324,-0.19403934137667744,1960,4
1960-05-01,0.03999889824502292,0.1763760567500585,-0.11370523524247575,1960,5
1960-06-01,0.127153670689106,0.1989698541728076,0.12312290026842716,1960,6
1960-07-01,-0.2909455244049607,-0.23904535049655068,-0.2144311482676442,1960,7
1960-08-01,-0.348521664852169,-0.29252009851625593,-0.38422145375816347,1960,8
1960-09-01,-0.3551318361400155,-0.2744559375034946,-0.46017981788994405,1960,9
1960-10-01,-0.44223945730351183,-0.4433790855634321,-0.5901568300145416,1960,10
1960-11-01,-0.5201633157553929,-0.48303214262656013,-0.5086858360327721,1960,11
1960-12-01,-0.28503559441128923,-0.3184647981051687,-0.3598705555731153,1960,12
1961-01-01,-0.28731145245369155,-0.2173502963234276,-0.3140459296146889,1961,1
1961-02-01,-0.03372183801756291,0.04863795896757414,-0.07842442030235613,1961,2
1961-03-01,-0.09981842374757366,-0.07397774686254235,-0.2820355910984254,1961,3
1961-04-01,0.1739123594206729,0.30261169758517453,0.19906087584043058,1961,4
1961-05-01,-0.08620132955781702,-0.09748961270793408,-0.1488883126325457,1961,5
1961-06-01,-0.11328723270164863,-0.13650597671213965,-0.1866718912899203,1961,6
1961-07-01,-0.09972935934411406,-0.03850676841611546,-0.20401867559108142,1961,7
1961-08-01,-0.4041675127244765,-0.30181259759386875,-0.45906667039802124,1961,8
1961-09-01,-0.33154016837755584,-0.1973437838046624,-0.39694269535276094,1961,9
1961-10-01,-0.25036680565283825,-0.22331101879628526,-0.2807843772817487,1961,10
1961-11-01,-0.5150344852940916,-0.4111004436225268,-0.5784908323563469,1961,11
1961-12-01,-0.2626176952278507,-0.2145431187028861,-0.2954580814529802,1961,12
1962-01-01,-0.1442819908454279,-0.10291335584246887,-0.22536058533823045,1962,1
1962-02-01,0.007912016907460781,0.1020950137817944,-0.023607466290357523,1962,2
1962-03-01,-0.12076026060119072,-0.03814411668051973,-0.18961528029630004,1962,3
1962-04-01,-0.10231593157869787,-0.13113553942791034,-0.15085279089444895,1962,4
1962-05-01,0.055128967048307276,0.17895598453460207,-0.051173545490301134,1962,5
1962-06-01,-0.04057180294695165,0.07843276476042094,-0.08800211676752734,1962,6
1962-07-01,-0.14522098523568255,-0.126499120311159,-0.10656936182533848,1962,7
1962-08-01,-0.2356254493205726,-0.16583527264870215,-0.3487215243562722,1962,8
1962-09-01,-0.4114778231850071,-0.33677631387087015,-0.41619120814187616,1962,9
1962-10-01,-0.3470449005541699,-0.28401121226297454,-0.36435658362172896,1962,10
1962-11-01,-0.31416810369728987,-0.29168336138956086,-0.3343850389951153,1962,11
1962-12-01,-0.3417054120729071,-0.3252865804698097,-0.460427316731448,1962,12
1963-01-01,0.027117991655016216,0.07584028810544396,0.08390170235395099,1963,1
1963-02-01,-0.012076167368280696,0.09656028359468755,-0.2189635940512804,1963,2
1963-03-01,-0.10538472842283658,-0.028204720693114957,-0.20818756887613918,1963,3
1963-04-01,0.10619590140392354,0.13766518479961826,0.04503395569746556,1963,4
1963-05-01,-0.08372254572530383,0.0048623898071134125,-0.1309778456944895,1963,5
1963-06-01,0.019249000914785763,-0.07317813011671802,-0.045028702828097095,1963,6
1963-07-01,-0.043599901558719,0.06383838345988618,-0.11965602297768592,1963,7
1963-08-01,-0.3415276912946304,-0.37851338023353537,-0.42378847059213326,1963,8
1963-09-01,-0.23632692729191498,-0.2044489743620716,-0.3141071505920874,1963,9
1963-10-01,-0.3181813667658096,-0.3241648614971168,-0.37266040082857205,1963,10
1963-11-01,-0.2504585242168982,-0.2651925980029435,-0.2905916032015319,1963,11
1963-12-01,-0.06978016119406477,0.0382611781748612,-0.1122164970113892,1963,12
1964-01-01,-0.17318746024893567,-0.14657252031453022,-0.2134420462313016,1964,1
1964-02-01,-0.1240222650843976,-0.05669707099786181,-0.23071076992775086,1964,2
1964-03-01,-0.06439501085431323,-0.016741039798272433,-0.14407284696835632,1964,3
1964-04-01,-0.030229677145192452,0.04362236421596363,0.06678975458802157,1964,4
1964-05-01,0.01684626116682871,0.07068735571984149,-0.06594877765965936,1964,5
1964-06-01,-0.014533451166984249,-0.02868306237641273,-0.07427026090292299,1964,6
1964-07-01,-0.12097956871564669,-0.02116622774328969,-0.17004413089335182,1964,7
1964-08-01,-0.16593032374504618,-0.1406181529031118,-0.19650440109060188,1964,8
1964-09-01,-0.3205535402177457,-0.34838263515073326,-0.42675917621704634,1964,9
1964-10-01,-0.20329524093291695,-0.17470099898121258,-0.30067156403905987,1964,10
1964-11-01,-0.348319412729332,-0.22328142319761643,-0.3596755293381515,1964,11
1964-12-01,0.023368268010313165,0.11587935511598782,-0.0469843463459136,1964,12
1965-01-01,-0.07527110306133719,-0.042703709781730145,-0.07668826633427289,1965,1
1965-02-01,-0.12355359347946608,-0.09101647869538752,-0.10457268524001956,1965,2
1965-03-01,-0.07172200688706132,-0.03780375944793045,-0.09038614565756306,1965,3
1965-04-01,0.11040940368648072,0.2642468028645228,0.017289730067342773,1965,4
1965-05-01,0.01302096438646485,0.08211773699804253,-0.08463528788233948,1965,5
1965-06-01,0.033562211571371375,0.10506429393092487,-0.042092059433493284,1965,6
1965-07-01,-0.09051407538048331,0.011000097321108807,-0.17676886472288317,1965,7
1965-08-01,-0.24512072910352506,-0.18318127115219937,-0.320929643459273,1965,8
1965-09-01,-0.39572229040156603,-0.3586743976926012,-0.4136482106404184,1965,9
1965-10-01,-0.4893225603064243,-0.4491400527606732,-0.5609186875401213,1965,10
1965-11-01,-0.35569441380142763,-0.3092744767721308,-0.44571489006281173,1965,11
1965-12-01,-0.15219795840549066,-0.10405907023098274,-0.23991252489616938,1965,12
1966-01-01,-0.1056176526140066,-0.01923617543215761,-0.21506332118773874,1966,1
1966-02-01,-0.1516009048982258,-0.09900361060786084,-0.237016097258279,1966,2
1966-03-01,0.06349614631497892,0.15012815017575787,-0.004076264062100224,1966,3
1966-04-01,0.11150471094585668,0.15746888194042757,0.007997199030035304,1966,4
1966-05-01,-0.04220768989025256,0.011724069625551975,-0.09088162692779955,1966,5
1966-06-01,-0.011654516432474223,-0.061564550659079606,-0.017560783871088333,1966,6
1966-07-01,-0.12120615518242699,-0.02538977144730291,-0.1630528069852388,1966,7
1966-08-01,-0.34132405681008926,-0.2739996330151896,-0.3540789245697668,1966,8
1966-09-01,-0.2644533717490864,-0.16455286625610377,-0.2806944580003673,1966,9
1966-10-01,-0.2709485743902036,-0.3657613432998881,-0.3137226408544277,1966,10
1966-11-01,-0.19192698346638704,-0.03750824822735066,-0.20230598741638897,1966,11
1966-12-01,-0.1216468218235368,-0.07862630323129549,-0.15624874534158478,1966,12
1967-01-01,-0.2539831530119253,-0.14857401217504948,-0.20930241966423602,1967,1
1967-02-01,-0.10999872020772848,-0.11199401656400503,-0.1706634055763754,1967,2
1967-03-01,0.10849239126153751,0.18913108651466598,0.05843211749342629,1967,3
1967-04-01,0.1351623788750047,0.1324916007163219,0.12601681042841423,1967,4
1967-05-01,0.10849363317127636,0.12730518513648612,0.025531349749656096,1967,5
1967-06-01,0.36905693284925595,0.5147585005425952,0.272178425967928,1967,6
1967-07-01,-0.05912716514689947,-0.018661285185066795,-0.028749171928450758,1967,7
1967-08-01,-0.10265965219815625,-0.0417880085391701,-0.11452341326984553,1967,8
1967-09-01,-0.19402112062378368,-0.10051773408934597,-0.20556400313441878,1967,9
1967-10-01,-0.2510770910856364,-0.17629299668700618,-0.2540819360301932,1967,10
1967-11-01,-0.32094822143713847,-0.26342727617995965,-0.4124219635337259,1967,11
1967-12-01,-0.14031929416688954,-0.07207124404357826,-0.18062798722824935,1967,12
1968-01-01,-0.18268792685916257,-0.012517147597248812,-0.21946218479363205,1968,1
1968-02-01,-0.02908726607940628,0.018031794068914454,0.021105852140931393,1968,2
1968-03-01,0.019263320568571995,0.07931827290432038,-0.06250758094188932,1968,3
1968-04-01,0.10278200853322689,0.20531472833360748,0.11474492827590052,1968,4
1968-05-01,0.2992655320188332,0.4045418286667324,0.2462689005055168,1968,5
1968-06-01,-0.19213192466458023,-0.08278040938656123,-0.2560007715624898,1968,6
1968-07-01,-0.03677938636795401,0.04515712473350522,-0.15481231615988655,1968,7
1968-08-01,-0.36667699252437047,-0.37382723816089464,-0.3512359725684149,1968,8
1968-09-01,-0.32580367274123645,-0.19413209612618165,-0.2248280649501952,1968,9
1968-10-01,-0.19651034570866877,-0.20382761535960317,-0.2557028229463535,1968,10
1968-11-01,-0.2721824842527468,-0.20705071099079517,-0.41220804332828953,1968,11
1968-12-01,-0.3131798831983361,-0.30089367569930403,-0.425127200845308,1968,12
1969-01-01,-0.16612496552059142,-0.11933188285024104,-0.22660793628432271,1969,1
1969-02-01,0.07336518029887301,0.13980330081404704,0.04794698958047538,1969,2
1969-03-01,0.005573822990579486,0.07164168376309314,-0.08478230684128604,1969,3
1969-04-01,0.12705126436360292,0.19814730207536718,0.12572857434882634,1969,4
1969-05-01,0.08316767015267457,0.21385323360560693,0.009349781684863598,1969,5
1969-06-01,-0.059754629355176295,0.012922085720522697,-0.13502813731350766,1969,6
1969-07-01,0.11979981433793804,0.15759198257340562,0.016789318962994043,1969,7
1969-08-01,-0.13120269236279342,-0.03299833394837555,-0.3191856943083473,1969,8
1969-09-01,-0.47031393401724303,-0.360840409571011,-0.5399347323761814,1969,9
1969-10-01,-0.27594916311765183,-0.28732955387450143,-0.3005009818322769,1969,10
1969-11-01,-0.3339783218283211,-0.2541083183358282,-0.3826996062187214,1969,11
1969-12-01,-0.10935126111497226,-0.024292623999427332,-0.07089746587051635,1969,12
1970-01-01,-0.16303585762705383,-0.12791403279505342,-0.17830020107260092,1970,1
1970-02-01,0.00474257206952633,0.12352791273510731,-0.02479330602481847,1970,2
1970-03-01,0.13992002487114968,0.18241724551952335,0.11612444476787931,1970,3
1970-04-01,0.2027917356332284,0.2590705583068055,0.1451739920315423,1970,4
1970-05-01,-0.030608343732473633,0.010738065053332885,-0.0394873471133636,1970,5
1970-06-01,-0.01723390736787861,0.03354504501119477,-0.12328544073410219,1970,6
1970-07-01,-0.13127831489987934,-0.13609206924463943,-0.1812886681457892,1970,7
1970-08-01,-0.2491167070411549,-0.27111925117086966,-0.29865169098422417,1970,8
1970-09-01,-0.0804434405125618,0.04928181264868681,-0.11404870468691591,1970,9
1970-10-01,-0.24328561268768822,-0.2356336801036046,-0.3010451468806372,1970,10
1970-11-01,-0.383077259974176,-0.3826468774469914,-0.4743321732075578,1970,11
1970-12-01,-0.09199758907830624,-0.149667094758492,-0.09864107829276123,1970,12
1971-01-01,0.1392426467282904,0.15729455934381528,0.12214847118205323,1971,1
1971-02-01,0.13027355308214172,0.11411906341176681,0.09545985452097495,1971,2
1971-03-01,-0.05170488881148658,0.0803958691953319,-0.03441134263782583,1971,3
1971-04-01,0.07860361974040192,0.17909447420753363,0.0695665127264768,1971,4
1971-05-01,0.2269232227025771,0.2425157054436909,0.20073426637981004,1971,5
1971-06-01,-0.04373991953485104,0.11888187073236442,-0.13745937857048743,1971,6
1971-07-01,-0.028591030158350073,0.07049724419122964,-0.09171909660844632,1971,7
1971-08-01,-0.09550956763003922,-0.06175113680547034,-0.15518906319841644,1971,8
1971-09-01,-0.3388711008876689,-0.41384138663134756,-0.43141599899606753,1971,9
1971-10-01,-0.278925508579153,-0.11437837994961592,-0.32205691915918316,1971,10
1971-11-01,-0.570304787736768,-0.5897834110749478,-0.6398280302332124,1971,11
1971-12-01,-0.27541173710640204,-0.30768167445424666,-0.3202506494597772,1971,12
1972-01-01,-0.08741897730147817,0.013709544299003854,-0.15068709477145958,1972,1
1972-02-01,-0.0869404803586471,0.08504713995831653,-0.107802547478068,1972,2
1972-03-01,0.27428404898788916,0.39349768991341505,0.3462249069017106,1972,3
1972-04-01,-0.005176299958225411,0.07301915604439257,-0.048462341848910205,1972,4
1972-05-01,0.06703846992502724,0.14677618700829154,-0.05409893687996978,1972,5
1972-06-01,0.050911895566446985,0.1435826735054624,-0.04539887454563264,1972,6
1972-07-01,0.08196516674444945,0.1699115962337877,-0.016304707485109093,1972,7
1972-08-01,-0.30574837728010607,-0.2416888060816373,-0.41755491337041695,1972,8
1972-09-01,-0.11905086770355387,-0.06384081250596006,-0.17348374725162574,1972,9
1972-10-01,-0.26113885606020343,-0.21426851245517956,-0.32100464143048324,1972,10
1972-11-01,-0.33351810802384496,-0.32121633746717876,-0.35263551325212744,1972,11
1972-12-01,-0.11595181473583516,-0.07998556857917385,-0.15014817193448265,1972,12
1973-01-01,-0.03144538179400432,-0.06609322250377359,-0.1122339392825614,1973,1
1973-02-01,-0.011373039067230806,0.0337099795930317,-0.12156726092567162,1973,2
1973-03-01,0.1288339379045383,0.1294043825469924,0.08580625168858827,1973,3
1973-04-01,0.11011728896247266,0.10493782310168412,0.08262675220504324,1973,4
1973-05-01,0.13320546393066124,0.19220017148833518,0.08317906598783137,1973,5
1973-06-01,0.11486171610075334,0.2344618304179833,0.034801378654297596,1973,6
1973-07-01,0.10725033026318392,0.20316616056329959,0.12944307106986103,1973,7
1973-08-01,-0.2751329012340362,-0.3036579314151951,-0.2103238535771743,1973,8
1973-09-01,-0.011253094642612343,-0.01073450147112922,-0.03372625216803317,1973,9
1973-10-01,-0.4465601313036015,-0.3495215719041907,-0.43552451000789355,1973,10
1973-11-01,-0.2397349416117974,-0.23885931128871288,-0.26432793172943186,1973,11
1973-12-01,-0.09251963070289376,-0.05375128820274499,-0.13513061476202018,1973,12
1974-01-01,-0.012441353767037248,0.06506125118419034,-0.03977893331588658,1974,1
1974-02-01,-0.0028104925225999056,-0.0012277152657816717,-0.1254338692461372,1974,2
1974-03-01,0.1118523151806197,0.16712109048791768,0.04551507695050369,1974,3
1974-04-01,0.1101593659935762,0.09345809124766598,0.04513564801303478,1974,4
1974-05-01,0.0737280645219261,0.09365968232436542,-0.0073822926802440125,1974,5
1974-06-01,0.14441966916156196,0.2104087658686888,0.1513613250506004,1974,6
1974-07-01,-0.004838991944035753,-0.03448867862061922,-0.1067945813150492,1974,7
1974-08-01,-0.2098315000666059,-0.13780776316858595,-0.2560432857398329,1974,8
1974-09-01,-0.12378563375410315,-0.07476752370043721,-0.2073096646161638,1974,9
1974-10-01,-0.2098105884528796,-0.1321860907320222,-0.2062177268008718,1974,10
1974-11-01,-0.13245940941353224,-0.07126370271029916,-0.10477147111272901,1974,11
1974-12-01,-0.07757765634817938,0.04062936515051284,-0.16847213924943083,1974,12
1975-01-01,-0.11262923082193693,-0.05636800568954156,-0.18144970712681277,1975,1
1975-02-01,0.01425216625057333,0.04278188919431068,0.009354743968448848,1975,2
1975-03-01,0.21820471153948423,0.2743195866910984,0.21168786560321895,1975,3
1975-04-01,0.23130729681361678,0.30847219826543615,0.12503555759287832,1975,4
1975-05-01,0.14138519163074323,0.19382819514702845,0.15085578627410962,1975,5
1975-06-01,0.08200300860114848,0.1340325931613426,-0.05013063906164969,1975,6
1975-07-01,0.09803675984911281,0.11293717545877505,0.09306779658150624,1975,7
1975-08-01,-0.18888686861331266,-0.17203191449086008,-0.27080646489373184,1975,8
1975-09-01,-0.1482250723696136,-0.16835533595959828,-0.18179414858216436,1975,9
1975-10-01,-0.24994899497311912,-0.11247015781377215,-0.3301083665272363,1975,10
1975-11-01,-0.22470293080933945,-0.2368960925789037,-0.24749723070362983,1975,11
1975-12-01,-0.019852044531010776,-0.0044973044208061405,-0.06171239922739607,1975,12
1976-01-01,0.0636227159798841,0.07770235270142423,0.011576757210098043,1976,1
1976-02-01,0.16243204468114497,0.25717826352836703,0.1625414174702186,1976,2
1976-03-01,0.2848340425534017,0.3200865586388003,0.19779282528239542,1976,3
1976-04-01,0.18318146524435702,0.2955685688780437,0.15884214356793627,1976,4
1976-05-01,0.22248145896746524,0.23880692775527182,0.18391145473446618,1976,5
1976-06-01,0.05005440542173549,0.1140041135329256,0.049771874152161104,1976,6
1976-07-01,0.013497716329925347,0.021730363666937483,0.09161439926969087,1976,7
1976-08-01,-0.1319332243556873,0.02532423203298212,-0.17238183622567885,1976,8
1976-09-01,-0.18242440317653477,-0.1918043241280104,-0.3530551742571806,1976,9
1976-10-01,-0.15940321637522753,-0.09391218086387615,-0.24863343077012873,1976,10
1976-11-01,-0.2739460679991539,-0.19225722395254896,-0.32298304901243413,1976,11
1976-12-01,0.09031980864962705,0.16100976352220198,0.05346435011004043,1976,12
1977-01-01,-0.10870984625807828,-0.06797422920196369,-0.15983314089868061,1977,1
1977-02-01,-0.029526969386881305,0.013981995626447391,-0.10688292514564181,1977,2
1977-03-01,0.28090805999878643,0.3330986335977419,0.2899487007642287,1977,3
1977-04-01,0.2710581612881855,0.3137080612067611,0.16534207655474187,1977,4
1977-05-01,0.2275089543539952,0.3257029101937407,0.141739888581933,1977,5
1977-06-01,0.1547264428183199,0.31525259289788743,0.06881715653292317,1977,6
1977-07-01,-0.009332785392799518,0.012792625356808803,-0.0812565723332859,1977,7
1977-08-01,-0.1978335452566912,-0.21632369423564507,-0.24881437814139068,1977,8
1977-09-01,-0.17373273304562314,-0.1281468354631859,-0.2573757948439641,1977,9
1977-10-01,-0.2758242792593193,-0.09683881237660336,-0.3554149859463882,1977,10
1977-11-01,-0.08380121552322069,-0.07398494392170724,-0.1160991799761695,1977,11
1977-12-01,-0.12281384625832203,0.009141994013881327,-0.144133757613477,1977,12
1978-01-01,-0.07984701697654843,0.05403802372727361,-0.13493983173964777,1978,1
1978-02-01,0.07056411853740338,0.09288470645200365,-0.056886889037355975,1978,2
1978-03-01,0.2172009288871529,0.2956500828464167,0.22915628266984794,1978,3
1978-04-01,0.14633024742230527,0.2777500785787322,0.16970651070992726,1978,4
1978-05-01,0.09368574390294734,0.12472935685357299,0.035447701841121504,1978,5
1978-06-01,0.12707142385189396,0.16689240584677587,0.07452703875909306,1978,6
1978-07-01,0.027199359813575033,0.04811531411614285,-0.03146772340494538,1978,7
1978-08-01,-0.1479916148344102,-0.14872945136905355,-0.21018927472983523,1978,8
1978-09-01,-0.21760620861601726,-0.20007008586931763,-0.256446095884277,1978,9
1978-10-01,-0.17409230356153366,-0.18528931689964648,-0.2985854754916378,1978,10
1978-11-01,-0.31531081220391743,-0.26360663879095614,-0.28526561328009165,1978,11
1978-12-01,-0.2380436747349529,-0.22654233628788498,-0.24661882349594058,1978,12
1979-01-01,-0.058330908611730056,0.003358386977807333,-0.10316817060427769,1979,1
1979-02-01,0.0921687983423288,0.06437401603214743,0.12432823890003716,1979,2
1979-03-01,0.21780935083020173,0.2843533624409246,0.17660207105180528,1979,3
1979-04-01,0.36104913520846876,0.452725583288915,0.22797562692206785,1979,4
1979-05-01,0.2724845565906032,0.22279777446203045,0.22144023217580514,1979,5
1979-06-01,0.09751966051717081,0.16622248900954942,0.03598461523123664,1979,6
1979-07-01,0.011611892723244683,0.1229953423469093,0.024620130981873697,1979,7
1979-08-01,-0.1867394229502673,-0.19722147388482758,-0.2059213525482934,1979,8
1979-09-01,-0.16154288084261315,-0.027914261500727955,-0.1927830618264163,1979,9
1979-10-01,-0.2153523503785003,-0.14440139991019804,-0.24946659554068862,1979,10
1979-11-01,-0.12741971120956525,-0.11267030399748568,-0.24150190095975368,1979,11
1979-12-01,-0.16920958084171883,-0.12199803472460413,-0.24709413387797508,1979,12
1980-01-01,0.0762589757484416,0.15417532137452772,0.08183187359529319,1980,1
1980-02-01,0.27759821562458215,0.3313984851952027,0.2152729767029819,1980,2
1980-03-01,0.18665339023552632,0.2635911898578448,0.11174230281068706,1980,3
1980-04-01,0.2644954965342185,0.26846181688025017,0.1574880446081552,1980,4
1980-05-01,0.2665438042523234,0.3250118454541273,0.1375167699239047,1980,5
1980-06-01,0.08420227713574072,0.0635165522904917,0.08495698672713414,1980,6
1980-07-01,0.046733572505366056,0.09117226943793104,0.03727644806588297,1980,7
1980-08-01,-0.07441643559749611,-0.0696118176707356,-0.061537542651765295,1980,8
1980-09-01,-0.13911314657768017,-0.12588964370716849,-0.1774121536223311,1980,9
1980-10-01,-0.25297665406122233,-0.14117199530070046,-0.32629457278353907,1980,10
1980-11-01,-0.1464297390066691,-0.041864232976955656,-0.24579646483612422,1980,11
1980-12-01,-0.02587584655113076,0.05458105949422809,-0.07207829536900462,1980,12
1981-01-01,0.18024949591463935,0.1756338576810104,0.14624187207738154,1981,1
1981-02-01,0.23106221774365582,0.2652417952589157,0.1734743181312188,1981,2
1981-03-01,0.42365846164317855,0.5343133466421377,0.4154156067246797,1981,3
1981-04-01,0.15840037884633024,0.21548622452832547,0.003923442761591567,1981,4
1981-05-01,0.2955722795640907,0.46153875656317545,0.3259553309199936,1981,5
1981-06-01,0.1534693357089703,0.2231352276786889,0.09423230676418409,1981,6
1981-07-01,0.25411542845690244,0.313717884281404,0.10293511749542045,1981,7
1981-08-01,-0.14569469340037994,-0.11115051661050501,-0.19603468562837983,1981,8
1981-09-01,-0.22204212983983015,-0.16536508460071603,-0.26254017808975544,1981,9
1981-10-01,-0.22480412940926706,-0.18242762122829426,-0.2569318582687457,1981,10
1981-11-01,-0.35045951805273323,-0.2650540842183037,-0.39143993396461285,1981,11
1981-12-01,-0.11744036703294103,-0.019605251193211826,-0.23608279076676753,1981,12
1982-01-01,-0.02996732020942383,-0.019266793234821306,0.030625775357051507,1982,1
1982-02-01,0.1609853245935667,0.1444236769156778,0.03431363952875041,1982,2
1982-03-01,0.25332662428054964,0.2115163556253848,0.2745244819030569,1982,3
1982-04-01,0.4335630298675346,0.5089625962131618,0.39689564632925534,1982,4
1982-05-01,0.3141934105214388,0.3090250802127451,0.28565563153637186,1982,5
1982-06-01,0.08825558037970564,0.030611050732081493,0.008827916891169643,1982,6
1982-07-01,-0.0438955211888898,0.02553340903765841,-0.01398930359470242,1982,7
1982-08-01,-0.004862136903403397,0.16978783896823615,-0.07797077020750054,1982,8
1982-09-01,-0.25928245551300594,-0.2095860010900006,-0.4104979366773486,1982,9
1982-10-01,0.029091822531381345,0.12101636125396345,0.047250522761021874,1982,10
1982-11-01,-0.009315122738813048,0.04477634518856521,-0.06880043111933283,1982,11
1982-12-01,-0.1009716192645246,-0.055916101924081724,-0.11787251037469415,1982,12
1983-01-01,-0.11455669615233097,-0.018602872002942528,-0.18585105646198274,1983,1
1983-02-01,0.29214399417329806,0.3276302669638655,0.24118660530251046,1983,2
1983-03-01,0.21850785298838274,0.2818774686919779,0.20058219844059821,1983,3
1983-04-01,0.380538387954103,0.4466232782639037,0.30614477371054927,1983,4
1983-05-01,0.07051907163420781,0.08711454895205538,-0.06969833385512933,1983,5
1983-06-01,0.09681925446137948,0.19642137193820564,0.05636444404774442,1983,6
1983-07-01,0.05728112672857513,0.0985331388938047,-0.028706770378833957,1983,7
1983-08-01,-0.03854518386676896,-0.026332441841411196,-0.02388153597321077,1983,8
1983-09-01,-0.1614548711480553,-0.08462937896953511,-0.16363305230715486,1983,9
1983-10-01,-0.08095825000849335,-0.07588164909804522,-0.15457856390251223,1983,10
1983-11-01,-0.2232103669383904,-0.17180130906993396,-0.3474161683651886,1983,11
1983-12-01,-0.05748119174537265,-0.00793714157758283,-0.12526185918465566,1983,12
1984-01-01,0.07959713073875749,0.1838919090303364,0.0452500322649152,1984,1
1984-02-01,0.2190114509734425,0.29274636261744014,0.16904688070227478,1984,2
1984-03-01,0.3119341361333443,0.3606827881960871,0.3244545228318302,1984,3
1984-04-01,0.1551033583837807,0.24599167334379507,0.07487759206601236,1984,4
1984-05-01,0.08736123125089312,0.2068716087017588,-0.0067554218652773335,1984,5
1984-06-01,0.2953352497574185,0.3732257650750116,0.2679397663990725,1984,6
1984-07-01,0.1007989687655268,0.15131659975769585,0.07430107615350187,1984,7
1984-08-01,-0.10728108608808772,-0.12287289770559569,-0.17057499757069014,1984,8
1984-09-01,0.049477684362932206,0.046222001209163574,0.02131367116496198,1984,9
1984-10-01,-0.12086496900314654,-0.08612620422087992,-0.16755833827185543,1984,10
1984-11-01,0.012292205217062521,0.031816595109098365,-0.14269388424126322,1984,11
1984-12-01,-0.025680584291421595,0.01497085055930611,-0.06332929925412176,1984,12
1985-01-01,0.2844531708665771,0.3372856671114325,0.2523701784676382,1985,1
1985-02-01,0.3539124626226988,0.43039710034053535,0.3362895529044568,1985,2
1985-03-01,0.22668704428735878,0.2731621053844042,0.13947744571236192,1985,3
1985-04-01,0.375535473473814,0.44986055566512406,0.33459668213471916,1985,4
1985-05-01,0.3161210540937809,0.3693447748342869,0.2985897060098522,1985,5
1985-06-01,0.31524153413161327,0.2664682058139197,0.19917633251796266,1985,6
1985-07-01,-0.018113967679632012,-0.015080737370569725,-0.1390941179053139,1985,7
1985-08-01,0.0469835243782224,0.08977914659214162,0.027004702665157653,1985,8
1985-09-01,0.011015746306449498,0.0005310091643941223,0.054342743874480307,1985,9
1985-10-01,-0.29749557026393303,-0.2174991337641228,-0.3978712547557791,1985,10
1985-11-01,-0.21315255364508684,-0.08661501202790195,-0.22892106235708665,1985,11
1985-12-01,-0.22554483939763176,-0.11460674681276592,-0.3150761193557702,1985,12
1986-01-01,0.062248505744733444,0.10157636219822305,0.11075369663032522,1986,1
1986-02-01,0.26094341476878546,0.3854797216112831,0.16631354785382,1986,2
1986-03-01,0.4126299751556798,0.47006334801578536,0.42318857161971885,1986,3
1986-04-01,0.29659866723116673,0.3297443686752648,0.2100604612778405,1986,4
1986-05-01,0.42525582450320615,0.44458569132615916,0.37454217111138444,1986,5
1986-06-01,0.051179043367700044,0.08605555904329362,0.04887601433753229,1986,6
1986-07-01,-0.08114905474632622,-0.05055789567338766,-0.1107972390999872,1986,7
1986-08-01,-0.016365580700472608,0.04215523041830178,-0.10068150354830765,1986,8
1986-09-01,-0.04560934667376775,0.012419352378725483,-0.10090406932952947,1986,9
1986-10-01,-0.1140802856202201,-0.06392798461254937,-0.19330093464384432,1986,10
1986-11-01,-0.2907601015716862,-0.21891319308436868,-0.43958213079746045,1986,11
1986-12-01,-0.01972281476208971,0.08980949897722737,0.008489265823462856,1986,12
1987-01-01,-0.030446950050485283,0.0670307567215809,-0.16130757879891647,1987,1
1987-02-01,0.2669672548830039,0.24272235646050871,0.21174945800684322,1987,2
1987-03-01,0.3098649053665726,0.23216884862147485,0.304804107782729,1987,3
1987-04-01,0.20601202136726451,0.30272801692922824,0.222527702654214,1987,4
1987-05-01,0.2218183890232184,0.20347445410244736,0.18127440856207008,1987,5
1987-06-01,0.09407864781110485,0.13284037771647067,-0.002003857785118121,1987,6
1987-07-01,0.09373209027268287,0.0852264389697149,0.05010954629155957,1987,7
1987-08-01,0.09551423205012391,0.05541521017112293,-0.030043514462243487,1987,8
1987-09-01,-0.17177768539044205,-0.09470454898020264,-0.1492189008878641,1987,9
1987-10-01,-0.04959534844821553,0.03836240956691682,-0.09899090105591281,1987,10
1987-11-01,-0.12623084259413178,-0.10505636263046775,-0.11361117037347583,1987,11
1987-12-01,-0.07928728322623448,-0.15883939783347997,-0.14746887735748287,1987,12
1988-01-01,0.10010777481535506,0.12279555240273092,0.005763405310490036,1988,1
1988-02-01,0.10728657856887341,0.17687677883900074,0.07832466825292608,1988,2
1988-03-01,0.22865096103298038,0.20470538259427395,0.3088616538643371,1988,3
1988-04-01,0.19102302155192602,0.2501910175408838,0.1310756142121013,1988,4
1988-05-01,0.4804884048593375,0.5297229124006877,0.40865147727266204,1988,5
1988-06-01,0.2143371660079837,0.29330174098803813,0.1441224282598988,1988,6
1988-07-01,0.040838260011552316,0.09681727843225998,-0.0709508495795554,1988,7
1988-08-01,0.0322088018842331,0.03355535484015532,0.03576148586668554,1988,8
1988-09-01,-0.07362707491515984,0.03620150016806474,-0.15763788018768232,1988,9
1988-10-01,-0.11128614914251146,-0.06921262779385996,-0.2209115247664102,1988,10
1988-11-01,-0.0009775999417343598,0.04765717308276905,0.03795177925859148,1988,11
1988-12-01,0.08656158181554127,0.08989818386188148,0.020578990519592402,1988,12
1989-01-01,0.06857150686056884,0.09640739430099332,0.04378049841095241,1989,1
1989-02-01,0.1640397975571536,0.16979966185580853,0.11811593121223588,1989,2
1989-03-01,0.2673215326633449,0.3086742296671738,0.19993770848642808,1989,3
1989-04-01,0.09142950514806311,0.2270149291551803,0.06579093335374073,1989,4
1989-05-01,0.14330759615865415,0.12471253901208634,0.12709300011673474,1989,5
1989-06-01,0.358309048366074,0.327630978472237,0.3066014274916728,1989,6
1989-07-01,0.28611839297175,0.4096769093464304,0.2904806899148901,1989,7
1989-08-01,-0.003281982334016182,0.03625183380839052,0.0010092741102430934,1989,8
1989-09-01,0.006072237170310545,0.02261860023731472,-0.07789642697751462,1989,9
1989-10-01,-0.047253362924024794,0.054741871445779036,-0.03981366116609199,1989,10
1989-11-01,0.25630462171025764,0.27602384472341446,0.17298899666479706,1989,11
1989-12-01,0.1335791127650792,0.27487959844242604,0.060449548122381624,1989,12
1990-01-01,0.11964067328435582,0.20353696685131928,0.15593100972388566,1990,1
1990-02-01,0.13687838837238986,0.16248281796510472,0.12075662098917261,1990,2
1990-03-01,0.14499288116356293,0.3028582918268381,0.0352874110111943,1990,3
1990-04-01,0.3527787960191548,0.3724930498689879,0.3518370725761389,1990,4
1990-05-01,0.23000243866088987,0.3171072072613552,0.20322265177635926,1990,5
1990-06-01,0.09020706147266502,0.15517169049298962,0.01710401681007019,1990,6
1990-07-01,0.06777514400817984,0.18286220847811974,-0.021394381455949935,1990,7
1990-08-01,-0.07572236792900698,0.05235319190733566,-0.1131454236267822,1990,8
1990-09-01,0.12794151518280125,0.17954172263608958,0.10781702491738333,1990,9
1990-10-01,0.020596408127377508,0.03292551461006833,-0.10052208495754789,1990,10
1990-11-01,-0.041569912456117,0.03142869469083883,-0.17851489564599596,1990,11
1990-12-01,0.18042684632143496,0.19654107783382965,0.08148394378234519,1990,12
1991-01-01,0.15098007400800512,0.3016494363843363,0.09671416687975391,1991,1
1991-02-01,0.15711482311041688,0.21394158966455376,0.1475281091924632,1991,2
1991-03-01,0.46876073172709676,0.5004946541614913,0.46028295205492503,1991,3
1991-04-01,0.3971342476117092,0.4563682629049546,0.3210085423484213,1991,4
1991-05-01,0.21272370856748535,0.1953673940910005,0.14180379752305117,1991,5
1991-06-01,0.22420937543488245,0.22562867350934987,0.10412944578756098,1991,6
1991-07-01,0.05568141790476758,0.16570211330198886,-0.026841086722039387,1991,7
1991-08-01,-0.09503672985319028,-0.07788144380176007,-0.06988271476519937,1991,8
1991-09-01,0.06265591723951972,0.060310368105422736,-0.03994146364662622,1991,9
1991-10-01,0.13418490729025634,0.21101754491662067,0.13408793865597698,1991,10
1991-11-01,-0.1698185948955586,-0.06053338716240873,-0.200620031297941,1991,11
1991-12-01,0.09954016691230028,0.1854878324455536,0.03703015659971555,1991,12
1992-01-01,0.0889897971418714,0.18879218143216223,-0.06079357734732681,1992,1
1992-02-01,0.20534151567758446,0.2175017612491114,-0.00015441212268357818,1992,2
1992-03-01,0.2680197423870549,0.2469292090499627,0.18768358943024577,1992,3
1992-04-01,0.2676549770860725,0.39272165968384687,0.2268148080220919,1992,4
1992-05-01,0.3321112976054245,0.3659773056633177,0.25538601518139703,1992,5
1992-06-01,0.1709590424129503,0.20841739159019793,0.07657627111925848,1992,6
1992-07-01,0.181099736632038,0.2975094437244909,0.14713311790989758,1992,7
1992-08-01,0.04903024310914045,0.12684174357917344,-0.09073032468647568,1992,8
1992-09-01,-0.043045831389474584,0.0297485572146058,-0.10454936934904469,1992,9
1992-10-01,-0.1367023121501057,0.021547805094948524,-0.21158946660467542,1992,10
1992-11-01,-0.07682815975966692,-0.05900407127867407,-0.16012437236239,1992,11
1992-12-01,0.12959317663662961,0.22598518304069148,0.05851384610590682,1992,12
1993-01-01,0.2149565836273029,0.26780723987215715,0.12300955860382229,1993,1
1993-02-01,0.1671093403850097,0.23053895432817256,0.14797199971235586,1993,2
1993-03-01,0.3480031761646752,0.4744265974853018,0.3259182638619767,1993,3
1993-04-01,0.44000357720204375,0.5153953650165249,0.4450112888506285,1993,4
1993-05-01,0.17112941750961544,0.2480442214620971,0.09915435597860411,1993,5
1993-06-01,0.31920088410285835,0.42282625096834847,0.23025405892725265,1993,6
1993-07-01,0.0986024889702802,0.13035485249313594,0.02571384566268592,1993,7
1993-08-01,0.12192473172418083,0.12996424835723053,-0.011799889943196029,1993,8
1993-09-01,-0.08466613154627455,-0.08690659124732622,-0.13438633060482222,1993,9
1993-10-01,-0.21562334520158707,-0.26394117467038714,-0.2990604279812127,1993,10
1993-11-01,-0.17109445968033915,-0.01828410318332302,-0.16650941587337342,1993,11
1993-12-01,0.06967335953100295,0.0645129412449188,0.039028344654723005,1993,12
1994-01-01,0.2016479258478239,0.24058524466853531,0.11687103796953502,1994,1
1994-02-01,0.1852440131652348,0.22140334817078877,0.09278890762807761,1994,2
1994-03-01,0.41274000231030084,0.4781103372007559,0.3774383496935099,1994,3
1994-04-01,0.20952366944877973,0.3003105300757446,0.16310363204168307,1994,4
1994-05-01,0.3422727765678318,0.43529645098581904,0.36816646390187224,1994,5
1994-06-01,0.15457405569943,0.1754201837709831,0.12242551573976047,1994,6
1994-07-01,0.11049206489545982,0.15213597920613925,0.015972906719470506,1994,7
1994-08-01,0.08041554280731716,0.14454454033173214,0.0016552920019888423,1994,8
1994-09-01,-0.08357074160960723,-0.046005297918784584,-0.15860402767866771,1994,9
1994-10-01,-0.06277987874730684,0.06758740005369279,-0.11526856310635485,1994,10
1994-11-01,0.10309987584023204,0.1776486234221446,0.05274671790882322,1994,11
1994-12-01,0.017986488723360748,0.10473037802585164,0.0010025456970330984,1994,12
1995-01-01,0.2700556976930007,0.3531997611263713,0.18511427668287395,1995,1
1995-02-01,0.17351580102072467,0.28218949389499093,0.10246715380125518,1995,2
1995-03-01,0.41267198503490254,0.4717230629700879,0.33807104263526255,1995,3
1995-04-01,0.5306433485522766,0.5158017511544842,0.5069450906856556,1995,4
1995-05-01,0.11252711723064532,0.1825115148182774,0.17019426322420755,1995,5
1995-06-01,0.20679696093943883,0.22422911624984737,0.10193932535175404,1995,6
1995-07-01,0.24419369920454057,0.2677628651170527,0.21813557200496078,1995,7
1995-08-01,0.0661819478821873,0.14550014881994197,0.05932073608434333,1995,8
1995-09-01,0.050395993066729705,0.16231014663841148,-0.03427795252896998,1995,9
1995-10-01,-0.07391203218509554,-0.022848453348292455,-0.10431140018913906,1995,10
1995-11-01,0.021940384476888786,0.08738203510683698,-0.08105643472544231,1995,11
1995-12-01,0.07091876294727849,0.20602951017904042,-0.009931534531556388,1995,12
1996-01-01,0.31407550346327806,0.3761131624377065,0.22989703730325417,1996,1
1996-02-01,0.3227393816274186,0.5028235373364384,0.3410371671874453,1996,2
1996-03-01,0.4042626442617053,0.4825381265432825,0.2936654449923852,1996,3
1996-04-01,0.3561096006850506,0.3180714627272597,0.2930470741233578,1996,4
1996-05-01,0.3217417556469357,0.4094088367021623,0.2902056126092458,1996,5
1996-06-01,0.2540414785153352,0.3230993977594741,0.19687205514822265,1996,6
1996-07-01,0.23674251153512704,0.3512301492392643,0.27555427318004305,1996,7
1996-08-01,0.05519884921527109,0.13885791677876902,-0.01523379135876246,1996,8
1996-09-01,0.053069702230050926,0.09614690303086224,0.0545382776391545,1996,9
1996-10-01,0.20483737716184122,0.19362246534737293,0.22247089145401794,1996,10
1996-11-01,0.11120468688357885,0.15075352401927758,0.1373226461944734,1996,11
1996-12-01,0.06469494408051313,0.07216892137004813,-0.040939474668983136,1996,12
1997-01-01,0.32822950032450265,0.3492033278342665,0.3096926700091421,1997,1
1997-02-01,0.267300570805953,0.34672949102698347,0.14061418531012804,1997,2
1997-03-01,0.17750073534721048,0.3109959605647808,0.15429080849982535,1997,3
1997-04-01,0.30729947701636773,0.3770330535075168,0.34266737489601506,1997,4
1997-05-01,0.1942339967624103,0.18443984366065108,0.20006021875984326,1997,5
1997-06-01,0.27295675970397726,0.3451868931149843,0.16116617870363031,1997,6
1997-07-01,0.20994994602706335,0.3197815203593459,0.16774485492389674,1997,7
1997-08-01,0.2757518393356365,0.29526269411966743,0.25316620416016655,1997,8
1997-09-01,0.0675957647276367,0.11089490639399083,0.009594853434997316,1997,9
1997-10-01,-0.01380194477277829,0.03693246496368157,-0.08889108158115555,1997,10
1997-11-01,0.11784358546956934,0.12859866981545734,0.011973644674446296,1997,11
1997-12-01,-0.11300542279268047,-0.030591401100487525,-0.2354303842873268,1997,12
1998-01-01,0.24248037472977554,0.2864329672993865,0.21046880701922982,1998,1
1998-02-01,0.39600543830761564,0.46698206050296703,0.41230782261171756,1998,2
1998-03-01,0.24426537509782253,0.24989076620771752,0.21493863315398634,1998,3
1998-04-01,0.5332943232396119,0.5614214082234413,0.4702802979104676,1998,4
1998-05-01,0.4259736404252481,0.5120927083166367,0.42416158673577864,1998,5
1998-06-01,0.2773901275288388,0.3087484699242504,0.27524767327359095,1998,6
1998-07-01,0.28219710552954747,0.4185452980912177,0.2150077114520532,1998,7
1998-08-01,0.34598820469935865,0.3760063954186285,0.2984208222778812,1998,8
1998-09-01,0.06390046366788077,0.12513469995547508,0.012260613897301438,1998,9
1998-10-01,0.04374097754895256,0.14037051914260706,0.03166574428395603,1998,10
1998-11-01,-0.000222251791993186,-0.021140538438644774,-0.03870221608170482,1998,11
1998-12-01,0.03393448197243969,-0.004105958626599113,0.030146139185854903,1998,12
1999-01-01,0.31276331138415436,0.2864804956556496,0.218253390827915,1999,1
1999-02-01,0.24412134713884304,0.35725055231020214,0.1423588804026554,1999,2
1999-03-01,0.41009143420855676,0.4324985269139344,0.45240082732046144,1999,3
1999-04-01,0.3819639850532181,0.5598739493366307,0.3784395280628386,1999,4
1999-05-01,0.4508327930612567,0.47262041312838726,0.47565925581576063,1999,5
1999-06-01,0.36309594025842457,0.4223235054182764,0.3455971369787695,1999,6
1999-07-01,0.33348372415551975,0.46058922178391354,0.2876556226450378,1999,7
1999-08-01,0.07872808984425511,0.22903273425221127,0.10121035082918162,1999,8
1999-09-01,0.02953715544350494,0.18261233427532483,0.025630146099770598,1999,9
1999-10-01,-0.06814664184850099,0.04227166968115614,-0.06794877324442605,1999,10
1999-11-01,0.01209532296523088,0.11329844925580401,-0.04826804350471632,1999,11
1999-12-01,0.1674597790342149,0.24708612649427408,0.11399256218240239,1999,12
2000-01-01,0.3162394022050758,0.4051574560134077,0.30232627987193844,2000,1
2000-02-01,0.248324008122778,0.27076472230635135,0.1894829645158081,2000,2
2000-03-01,0.5007062133079944,0.509796269136879,0.47804021753735765,2000,3
2000-04-01,0.5761043264210357,0.6259356035504882,0.5396870819373384,2000,4
2000-05-01,0.45508911161979837,0.49657988049355195,0.3214165071048715,2000,5
2000-06-01,0.5282201217963471,0.5555587193299834,0.41119706920682975,2000,6
2000-07-01,0.1631616206301833,0.24798099300301907,0.17814068247656317,2000,7
2000-08-01,0.016075070209398926,0.11384033063792447,-0.0754115506845598,2000,8
2000-09-01,-0.11053656510677498,-0.05611622079218261,-0.2011063928313546,2000,9
2000-10-01,0.19014497168945887,0.31402147574222194,0.19755813612708978,2000,10
2000-11-01,0.13277202541905864,0.12568756971238337,0.041833143231315595,2000,11
2000-12-01,0.13498207344949498,0.17529910048550906,0.008085477528867346,2000,12
2001-01-01,0.2793482139833334,0.2935070979531932,0.2854754542955541,2001,1
2001-02-01,0.23880244662151373,0.1954756157678607,0.2346775876722269,2001,2
2001-03-01,0.6691316300699217,0.7149975957777868,0.5682485567277465,2001,3
2001-04-01,0.46427346954887416,0.5081860941297099,0.4006987040075918,2001,4
2001-05-01,0.4354959115687284,0.5611683987308349,0.3579220978067522,2001,5
2001-06-01,0.4239280137412206,0.5054685979689595,0.35689855292119577,2001,6
2001-07-01,0.2994522745250227,0.29824293330856244,0.2299174784786155,2001,7
2001-08-01,0.1737397537792646,0.31644438209597403,0.19006336019481873,2001,8
2001-09-01,-0.0009011749500675015,0.11015050982620014,-0.10326706028113992,2001,9
2001-10-01,0.09849818706495095,0.17760307223838173,-0.009981312556437735,2001,10
2001-11-01,0.26634872024196704,0.30502451529947544,0.22781825744536843,2001,11
2001-12-01,0.28589335596684906,0.2879213941306751,0.23806720345754218,2001,12
2002-01-01,0.42148082482610194,0.4528704860225493,0.44803619995388805,2002,1
2002-02-01,0.31104059451904364,0.41547802550425295,0.2353278567181519,2002,2
2002-03-01,0.3364067608931918,0.48063607618992227,0.2578038888074846,2002,3
2002-04-01,0.4495834701521974,0.5767456465658068,0.402693021002163,2002,4
2002-05-01,0.44093973414791937,0.46649726305860567,0.33472206615439426,2002,5
2002-06-01,0.47158131400925707,0.4656004423448065,0.4382851755582541,2002,6
2002-07-01,0.09291569919068027,0.14996001153624047,0.014685402896000246,2002,7
2002-08-01,0.31511719410822364,0.27669522583008105,0.31610041104282943,2002,8
2002-09-01,0.07315629154737556,0.13931467725661462,0.024333899091087463,2002,9
2002-10-01,0.019474055167420186,0.062093925852486756,-0.02180823193743802,2002,10
2002-11-01,-0.012253356120742284,0.014444818785845605,-0.07351875222278936,2002,11
2002-12-01,-0.0033235050244148356,-0.03305865838775461,-0.03484715858274691,2002,12
2003-01-01,0.3552900313691645,0.4309700366976503,0.3118636611527479,2003,1
2003-02-01,0.38030476969181337,0.4036697277087178,0.28900241111973807,2003,2
2003-03-01,0.31718196375575536,0.308686121970241,0.28902017561766624,2003,3
2003-04-01,0.34346509576661144,0.24985198510252898,0.3737939508035454,2003,4
2003-05-01,0.41259958380084794,0.4612238385483161,0.2751203885905769,2003,5
2003-06-01,0.5398751255019123,0.6784877053353995,0.42080242156738795,2003,6
2003-07-01,0.24701383783661254,0.380076798564006,0.2616269725918935,2003,7
2003-08-01,0.022658677661162446,0.04980386483184886,-0.061826712601097275,2003,8
2003-09-01,0.07519358580749089,0.09508298278940186,0.050342324335058045,2003,9
2003-10-01,0.045700615998205955,0.11913932880195716,-0.01747374476834703,2003,10
2003-11-01,-0.16992077207807188,-0.16984004403748645,-0.23463197852874657,2003,11
2003-12-01,0.1675434863211917,0.232633081312165,0.1292638763370078,2003,12
2004-01-01,0.26069033076291603,0.34899434468215057,0.24987861404223585,2004,1
2004-02-01,0.4534044202651256,0.564751081459341,0.4379314728809386,2004,2
2004-03-01,0.6418844740352061,0.6868767702112084,0.6376940698092682,2004,3
2004-04-01,0.5964402867385596,0.6362565992297113,0.5880313971500819,2004,4
2004-05-01,0.4300999954851885,0.4362008661473605,0.3834589099876563,2004,5
2004-06-01,0.27313119290961674,0.28178717520762375,0.2589191923651543,2004,6
2004-07-01,0.5411197641087699,0.5797958195136936,0.4570171608231389,2004,7
2004-08-01,0.1897056271852327,0.2580739025260416,0.06534331941843634,2004,8
2004-09-01,0.11197163221819074,0.20765086352985324,0.09097429428669289,2004,9
2004-10-01,0.0813712750727835,0.09121232753876625,0.01940105004601464,2004,10
2004-11-01,0.13038717910368158,0.2550216075516577,0.05540292358853488,2004,11
2004-12-01,0.1693477425913895,0.20579156253926106,0.09574762904542576,2004,12
2005-01-01,0.23722839390657102,0.28616002918914923,0.18343063051076663,2005,1
2005-02-01,0.3399087004705554,0.3525481165131642,0.25277457955256927,2005,2
2005-03-01,0.46452434832988254,0.39331233531623544,0.3904119006958497,2005,3
2005-04-01,0.4402521174812182,0.5344543872992706,0.4521352385975831,2005,4
2005-05-01,0.3965150970837659,0.4833572919383876,0.30305729386430225,2005,5
2005-06-01,0.4052376173637843,0.4411712395078736,0.3108730755004472,2005,6
2005-07-01,0.2690968728525091,0.3224464087137527,0.25726117806143817,2005,7
2005-08-01,0.3449938934528636,0.42079085433806857,0.29309700168048347,2005,8
2005-09-01,-0.14370746700159429,-0.17183475984592142,-0.22787391664214776,2005,9
2005-10-01,0.20374527978684082,0.22729264591952608,0.1642109707658089,2005,10
2005-11-01,0.24599803308746981,0.3357112670685612,0.1423491306991692,2005,11
2005-12-01,-0.012744428646220413,-0.025458899804682883,-0.18093805337718846,2005,12
2006-01-01,0.2711366459973706,0.33581454260570204,0.2604359476291197,2006,1
2006-02-01,0.3682613188058263,0.35043222857465606,0.38731354896351505,2006,2
2006-03-01,0.33785931669051106,0.41118081581218735,0.2726683869102673,2006,3
2006-04-01,0.4276237366463179,0.4758416625314437,0.3415456113900107,2006,4
2006-05-01,0.3675529016157103,0.3367963108204348,0.3290962203079488,2006,5
2006-06-01,0.5806324497477677,0.6888694174706262,0.457969416581716,2006,6
2006-07-01,0.39897324472015155,0.4122436658802491,0.415903534706314,2006,7
2006-08-01,0.33256091490482137,0.34204829305410234,0.2479149837532408,2006,8
2006-09-01,0.20436753105284128,0.2643959909143884,0.18466057209078596,2006,9
2006-10-01,-0.007499771716317494,0.09993209575511827,-0.14346866702668232,2006,10
2006-11-01,0.07974829802054034,0.07895720707162049,-0.06987746963786556,2006,11
2006-12-01,0.2543428615281972,0.3074268540205958,0.24267569091736457,2006,12
2007-01-01,0.19400343532702172,0.2654442603435504,0.17148129212245072,2007,1
2007-02-01,0.48751605923345503,0.5721713395966123,0.3945366648844649,2007,2
2007-03-01,0.4653887571572905,0.5242108349211517,0.43474528964676623,2007,3
2007-04-01,0.47873413546125654,0.5103827435070905,0.4310046963578684,2007,4
2007-05-01,0.5605172937934532,0.5691377827610172,0.5092478727663327,2007,5
2007-06-01,0.46064254736482024,0.514949741517139,0.506626205174703,2007,6
2007-07-01,0.28011959963430827,0.2765126490350279,0.23081148693902012,2007,7
2007-08-01,0.33214919655264113,0.23608167237791078,0.31663558525584984,2007,8
2007-09-01,0.03490480269933882,0.10673279290722222,0.00956094381932742,2007,9
2007-10-01,0.17780977691064262,0.27300651896495237,0.05562817673720191,2007,10
2007-11-01,0.2023212612561669,0.134174639479075,0.21514660597012972,2007,11
2007-12-01,0.18526157228481716,0.18477503704932027,0.09460131294741829,2007,12
2008-01-01,0.3596403292512389,0.4405980423014988,0.32358847576782934,2008,1
2008-02-01,0.3019156693884968,0.4547904428740817,0.2659036778132885,2008,2
2008-03-01,0.5926348097046049,0.6436744950883753,0.5031162149020193,2008,3
2008-04-01,0.5085368133827282,0.5221366663212714,0.44153424865428365,2008,4
2008-05-01,0.44795980573201083,0.48881498367676884,0.3694291558710343,2008,5
2008-06-01,0.531927949610716,0.6506717705681252,0.4335187165840729,2008,6
2008-07-01,0.25659265797275116,0.2742944490165244,0.2231580771319173,2008,7
2008-08-01,0.08618089739067114,0.09622129705815846,0.06679273411605866,2008,8
2008-09-01,-0.0018409710822510084,0.02402185280864737,0.002416555245638899,2008,9
2008-10-01,0.18762802216159102,0.1899615917486554,0.17889854866053878,2008,10
2008-11-01,0.025779011020511028,0.08191252682025081,-0.17167571024492526,2008,11
2008-12-01,0.40250644522546347,0.5337403681489414,0.2902724661886241,2008,12
2009-01-01,0.12964489704946566,0.1957988607052671,0.14719861535986672,2009,1
2009-02-01,0.6074834746668417,0.6448657995605274,0.6236063725040202,2009,2
2009-03-01,0.5321446653149875,0.5675541018692103,0.45805136222906295,2009,3
2009-04-01,0.5281665266507987,0.5000069862159658,0.4508032867819003,2009,4
2009-05-01,0.45655100991383063,0.5507064987711886,0.37910681814796243,2009,5
2009-06-01,0.47775144927304497,0.5238595894224048,0.44049923895072984,2009,6
2009-07-01,0.33407436759535303,0.37505037191582175,0.290347080595498,2009,7
2009-08-01,0.3481680260394901,0.5578234044317332,0.2817740498315222,2009,8
2009-09-01,0.17605552194715415,0.24099316736543847,0.12176087163248764,2009,9
2009-10-01,0.15286801398402564,0.16527846147926642,0.2138330326214024,2009,10
2009-11-01,0.12827153585956458,0.1569536560492874,0.08976151738832427,2009,11
2009-12-01,0.23214327546573105,0.3395655609255688,0.22471359717874673,2009,12
2010-01-01,0.3794288255378546,0.43509234606474284,0.32066825459242904,2010,1
2010-02-01,0.2776318093829861,0.2557179104671178,0.07836885925281556,2010,2
2010-03-01,0.3870351871949651,0.48299663392372527,0.3186611039212499,2010,3
2010-04-01,0.6229750580509202,0.6395678537739705,0.5886515423595401,2010,4
2010-05-01,0.5389402732183306,0.682605162029208,0.442850198119468,2010,5
2010-06-01,0.43025031501338074,0.5342527182991131,0.3561159206529201,2010,6
2010-07-01,0.350492041955188,0.37812594717225045,0.2794873174325959,2010,7
2010-08-01,0.28340681918481586,0.3974576372715715,0.2030642895240323,2010,8
2010-09-01,0.12146759986082484,0.174860375387195,-0.03135957838065223,2010,9
2010-10-01,0.07081817610841741,0.1634568598645284,0.0773625978747132,2010,10
2010-11-01,0.19502809340152913,0.26926473426625286,0.1213464895609564,2010,11
2010-12-01,0.1508113708871454,0.15849353813760175,0.14713042738622234,2010,12
2011-01-01,0.40028473503090667,0.4181072434150336,0.32250910271379424,2011,1
2011-02-01,0.2892010990356754,0.3906991399147335,0.28513542460998015,2011,2
2011-03-01,0.6355801039489116,0.6688413373435846,0.6064484446291658,2011,3
2011-04-01,0.6067192077007638,0.636536784538664,0.5714737034126591,2011,4
2011-05-01,0.5582675136477349,0.5605113846802672,0.4594766776804994,2011,5
2011-06-01,0.5577285578540109,0.628908511133684,0.46180583565689015,2011,6
2011-07-01,0.5260069039057171,0.6791331498678743,0.5382927727280363,2011,7
2011-08-01,0.3608964659612726,0.357519820248559,0.30814976041128017,2011,8
2011-09-01,0.0021669555694072695,0.05337792840304518,-0.012354051693134104,2011,9
2011-10-01,0.03150176278588934,0.15211279055666083,0.04442700831965607,2011,10
2011-11-01,0.1237725209330039,0.16979045137071813,0.08462337345422241,2011,11
2011-12-01,0.2620685644805428,0.3346871542930295,0.22749270390333376,2011,12
2012-01-01,0.4220361723171826,0.4189164959098386,0.2507003479999065,2012,1
2012-02-01,0.39769588895492375,0.46911124381530617,0.3260478976868889,2012,2
2012-03-01,0.5621520274748659,0.6027948142246384,0.5810329025125778,2012,3
2012-04-01,0.4947319770349381,0.5940184768189313,0.4729706772434852,2012,4
2012-05-01,0.4823235707279632,0.5916928733062008,0.3812544059564933,2012,5
2012-06-01,0.32960416058544806,0.5090823426863788,0.17518202194195182,2012,6
2012-07-01,0.2779469456591799,0.3569286043198587,0.3072461112710778,2012,7
2012-08-01,0.13510180970863703,0.20139162553774537,0.1790980289655893,2012,8
2012-09-01,0.09947786421564933,0.15919707929451615,-0.04407039455293979,2012,9
2012-10-01,0.27563444993105424,0.3079761352905198,0.20615374106250905,2012,10
2012-11-01,0.10212530063018828,0.16904949280327286,0.09553993722400661,2012,11
2012-12-01,0.5335084767540093,0.5687384062470577,0.4567770224478875,2012,12
2013-01-01,0.43041287116917004,0.48883591998265075,0.5122002581200139,2013,1
2013-02-01,0.4995646934505685,0.6154445702309664,0.44939591812071045,2013,2
2013-03-01,0.4684503838198475,0.4681232555558654,0.4020593251776932,2013,3
2013-04-01,0.6511120690219803,0.7581059970784325,0.5548985620450888,2013,4
2013-05-01,0.4967223792141915,0.6125781325811848,0.49741717682881836,2013,5
2013-06-01,0.49328206254561724,0.5373786361960633,0.4389977044754493,2013,6
2013-07-01,0.6370895349079606,0.5809967899575309,0.63336076621094,2013,7
2013-08-01,0.27147509110861623,0.2910839917538946,0.20870590332490035,2013,8
2013-09-01,0.322803332952761,0.43765306028081646,0.3175706490709122,2013,9
2013-10-01,0.11076343856849237,0.15962003545354828,0.0811684805265034,2013,10
2013-11-01,0.20437715127449724,0.2044120396597517,0.20416792101400869,2013,11
2013-12-01,0.45816114464463203,0.48292239858322117,0.37560433255344916,2013,12
2014-01-01,0.3291951861131152,0.42122618743834284,0.23627263028028195,2014,1
2014-02-01,0.6731367476915848,0.7504734261016538,0.6348677761894556,2014,2
2014-03-01,0.6358721661943272,0.6739255612358425,0.5839602664463257,2014,3
2014-04-01,0.5356452143024651,0.5673039937117308,0.5580747850341423,2014,4
2014-05-01,0.6283377465543317,0.6587498391021406,0.5933215789546711,2014,5
2014-06-01,0.5891473368545649,0.5930268276296398,0.5416575677066521,2014,6
2014-07-01,0.4540728881136116,0.5848416725870836,0.2730332335621128,2014,7
2014-08-01,0.13486941990284637,0.16875339644227938,0.14046777119155457,2014,8
2014-09-01,0.14597309355251736,0.2568310195937922,0.02276423161489549,2014,9
2014-10-01,0.16714002833674146,0.293205830932864,0.06729708966345106,2014,10
2014-11-01,0.2112434682249996,0.31115901313239763,0.14721164800049277,2014,11
2014-12-01,0.35395910164695965,0.3823780860110572,0.21602807743720298,2014,12
2015-01-01,0.4204728027960281,0.49065930731285856,0.351867529165685,2015,1
2015-02-01,0.3691682668316927,0.4179584865121469,0.29971030704829627,2015,2
2015-03-01,0.6139275685601868,0.6187424755236804,0.5665836012110641,2015,3
2015-04-01,0.663761277231085,0.7299792413171652,0.5525828331101537,2015,4
2015-05-01,0.6318868282526945,0.6229348386947043,0.5270633665621502,2015,5
2015-06-01,0.610780775258165,0.7201647446812431,0.5920646396329756,2015,6
2015-07-01,0.48609491815759315,0.5128640532926735,0.5020572778875315,2015,7
2015-08-01,0.3486207106255465,0.4086786934191885,0.30876974249532935,2015,8
2015-09-01,0.22248105079995034,0.2866454443772575,0.21248297901983265,2015,9
2015-10-01,0.0366066093511036,0.07366136066589973,-0.010217161918128645,2015,10
2015-11-01,0.2724594438590736,0.35179413393283737,0.16058753712486665,2015,11
2015-12-01,0.3234714714190138,0.34972628858788757,0.29633655417335325,2015,12
2016-01-01,0.44067139723305093,0.5342362621059131,0.39281256629862965,2016,1
2016-02-01,0.38583865593148264,0.3685396719191452,0.3329375191910629,2016,2
2016-03-01,0.47861294022957507,0.5349319192068956,0.38619139611931086,2016,3
2016-04-01,0.718828798846804,0.8657752487997181,0.7811732655460342,2016,4
2016-05-01,0.5827630788847358,0.5827465126544571,0.5630980936230006,2016,5
2016-06-01,0.581663583250776,0.5977763347245335,0.5210993986368024,2016,6
2016-07-01,0.4163453511265597,0.49204074360950545,0.30634140330521664,2016,7
2016-08-01,0.31648912746308816,0.37546821656006807,0.2910842498383984,2016,8
2016-09-01,0.3341368133542256,0.4016683183179036,0.37796444865631934,2016,9
2016-10-01,0.16190904069177617,0.23636839719915936,0.08092346839346935,2016,10
2016-11-01,0.24992051045072416,0.3316565838788127,0.23168862989200562,2016,11
2016-12-01,0.26728598464300923,0.3727709767408204,0.2767693175975273,2016,12
2017-01-01,0.3808747015810928,0.4513656344275184,0.362091971066754,2017,1
2017-02-01,0.49340711197746046,0.5313442292465334,0.4526333798602529,2017,2
2017-03-01,0.6197427822445833,0.7033714673047199,0.5999800154714939,2017,3
2017-04-01,0.5764494621579767,0.7214435589027375,0.6367277650129302,2017,4
2017-05-01,0.7231050176385642,0.7664733303194355,0.6282517077942076,2017,5
2017-06-01,0.434863594102374,0.43613712886884193,0.3211198420384379,2017,6
2017-07-01,0.4056371599081885,0.5109911933725372,0.3230610603412132,2017,7
2017-08-01,0.280351218496907,0.32433216029922707,0.2872355020181478,2017,8
2017-09-01,0.39581703200280993,0.33718355470210815,0.3558916087001858,2017,9
2017-10-01,0.24397980197548183,0.33635088583300293,0.19430586773695474,2017,10
2017-11-01,0.35430369751430013,0.377537288216604,0.2743639780362046,2017,11
2017-12-01,0.17576828702062708,0.22124162290541904,0.09235126258472304,2017,12
2018-01-01,0.46184016172206105,0.5284391782505118,0.44854885166098585,2018,1
2018-02-01,0.624098214697479,0.6836231986864323,0.569998436876801,2018,2
2018-03-01,0.6165686148195654,0.7020412056765173,0.5437045945888033,2018,3
2018-04-01,0.7416831726416704,0.7699088541131782,0.6188920565343321,2018,4
2018-05-01,0.5566113708819858,0.6322666607907899,0.47138604389074956,2018,5
2018-06-01,0.6760698791536932,0.7130925452744974,0.5866170447849173,2018,6
2018-07-01,0.6650249474970602,0.7519654715414353,0.6108336161005922,2018,7
2018-08-01,0.2988512790911694,0.37961965329182207,0.17832832183099417,2018,8
2018-09-01,0.21737980223817027,0.2206078671359405,0.14689166244019541,2018,9
2018-10-01,0.38047358284690524,0.48477268865565687,0.37352797835558377,2018,10
2018-11-01,0.41988726895131867,0.44308909669561625,0.2997187704450591,2018,11
2018-12-01,0.28284913241980825,0.3732520223338655,0.19795396879285687,2018,12
2019-01-01,0.4039272642363603,0.4722916299064273,0.3760794652927844,2019,1
2019-02-01,0.5177674850598953,0.6596766688996515,0.4917421334298575,2019,2
2019-03-01,0.484705975599406,0.5235326764808134,0.4198771983423679,2019,3
2019-04-01,0.5540807512975262,0.5866149114916164,0.480921511534147,2019,4
2019-05-01,0.5187369500276269,0.5677659697332402,0.45887233674606653,2019,5
2019-06-01,0.4691661894355332,0.5040072002938194,0.40360075576338894,2019,6
2019-07-01,0.4424774572072679,0.5324745523043704,0.30747958847844886,2019,7
2019-08-01,0.36936741919959815,0.33855188877776876,0.26579026158785385,2019,8
2019-09-01,0.42779091447046597,0.4251067935131483,0.36825913490721474,2019,9
2019-10-01,0.1461105418720669,0.14272039579310725,0.049045012833692725,2019,10
2019-11-01,0.37117310503671663,0.4686884846353954,0.3727993002130936,2019,11
2019-12-01,0.324547061523395,0.4600777301524913,0.2546507090260546,2019,12
2020-01-01,0.4518103857915135,0.49658792486463993,0.311345068304858,2020,1
2020-02-01,0.6242387059734172,0.6657976198139167,0.585141000743036,2020,2
2020-03-01,0.5176896353574146,0.5711922435130737,0.5100713317883688,2020,3
2020-04-01,0.6949977313751619,0.8030916465055714,0.6776021758048149,2020,4
2020-05-01,0.6466070583349501,0.6502394016254214,0.6510887102020696,2020,5
2020-06-01,0.6060018831575718,0.667920332294311,0.5952399785639569,2020,6
2020-07-01,0.48567362114753865,0.5844335026366602,0.4541990260770401,2020,7
2020-08-01,0.6022867707478463,0.6773414792448386,0.6225651217067785,2020,8
2020-09-01,0.21977767757473748,0.2792567584046747,0.16899676087725735,2020,9
2020-10-01,0.20365706125657504,0.30370936588493214,0.10854320256724267,2020,10
2020-11-01,0.22123762335739264,0.13607600870743075,0.21662543236473866,2020,11
2020-12-01,0.30120904484073124,0.3851028108172766,0.17524484865864282,2020,12
2021-01-01,0.40382885483691583,0.4211250706805446,0.3282892504105361,2021,1
2021-02-01,0.6864692206783228,0.6449375758355,0.58494019139712,2021,2
2021-03-01,0.7828230731234409,0.85838320309969,0.7657148008160477,2021,3
2021-04-01,0.61049293819262,0.7291758654507678,0.5177666768392892,2021,4
2021-05-01,0.5575370910140325,0.600664665282648,0.5621337860337982,2021,5
2021-06-01,0.6147091232062081,0.712352850566355,0.5201967481643827,2021,6
2021-07-01,0.4123452631394705,0.5429591760389028,0.35375329614979395,2021,7
2021-08-01,0.4308607493431188,0.5466064720223212,0.3531981883438796,2021,8
2021-09-01,0.3146547888958099,0.4466530153643795,0.32343451917705246,2021,9
2021-10-01,0.11599315606784441,0.20309953062143904,0.11074664818167465,2021,10
2021-11-01,0.44911300694368606,0.5028846888887657,0.3692515960310168,2021,11
2021-12-01,0.5471553348771196,0.5170570442822612,0.5445727350883297,2021,12
2022-01-01,0.4170995093299398,0.4547963849234423,0.34393919472498363,2022,1
2022-02-01,0.53960822238478,0.5474458926189705,0.5579651127077923,2022,2
2022-03-01,0.6801699982077567,0.8387171340826474,0.5877612875744233,2022,3
2022-04-01,0.711824057377081,0.7530297667554642,0.7234502231155064,2022,4
2022-05-01,0.7174378864025492,0.7735981267417735,0.6398228895185731,2022,5
2022-06-01,0.7793988322550134,0.8569731010570367,0.6981172855727134,2022,6
2022-07-01,0.4606836556289735,0.5128637779475962,0.44552224655045225,2022,7
2022-08-01,0.2985486539245331,0.4333012059460708,0.21944732557029678,2022,8
2022-09-01,0.16724137482003798,0.18610890673331537,0.10421926165336018,2022,9
2022-10-01,0.2052853743841865,0.26501574714604864,0.18222746719382343,2022,10
2022-11-01,0.301860600334111,0.31473707104920856,0.3022883345379214,2022,11
2022-12-01,0.5578341647301571,0.5418330391691218,0.605965449313786,2022,12
2023-01-01,0.4374280592855721,0.4568396047403078,0.3699455569205874,2023,1
2023-02-01,0.6115679843530791,0.6597161445006585,0.6398081229211818,2023,2
2023-03-01,0.6607519803388018,0.6892868691129388,0.6059847703667364,2023,3
2023-04-01,0.8080285165339977,0.8234074675403048,0.7712009273381101,2023,4
2023-05-01,0.9150875125334392,0.8947716393498475,0.8311303737615294,2023,5
2023-06-01,0.5361023118971572,0.5819470332657224,0.5012045868716504,2023,6
2023-07-01,0.44024524493736705,0.41500922623581693,0.4067176342547216,2023,7
2023-08-01,0.4936052768960965,0.5816080750805767,0.40701174168168175,2023,8
2023-09-01,0.3841732573949327,0.43829524504165784,0.3174203559407268,2023,9
2023-10-01,0.47385992176279257,0.4509823467895461,0.40805212390365364,2023,10
2023-11-01,0.3743769269648979,0.4089164731124047,0.3009135474744716,2023,11
2023-12-01,0.3532599801104832,0.36565215983095406,0.38003858627083853,2023,12
2024-01-01,0.559065483069231,0.62502420859019,0.47122604906988186,2024,1
2024-02-01,0.7108703580582908,0.8278928803594481,0.6302469183576107,2024,2
2024-03-01,0.7552532988766241,0.7114946753943369,0.756087455305449,2024,3
2024-04-01,0.7507274031107297,0.8064787070681005,0.7129314267944398,2024,4
2024-05-01,0.7798725497158032,0.8218659099374712,0.7318379140971848,2024,5
2024-06-01,0.7169295590445672,0.8004965628670905,0.6736543982646539,2024,6
2024-07-01,0.6382158991037528,0.6988757305156372,0.571522900775326,2024,7
2024-08-01,0.46487098875896427,0.4772725221720233,0.3433026496674051,2024,8
2024-09-01,0.3100831112114269,0.344130414428096,0.20599477482778544,2024,9
2024-10-01,0.3146713686433323,0.32487007580315785,0.33028232831490256,2024,10
2024-11-01,0.44744581589394794,0.5512461728238779,0.3663423163786455,2024,11
2024-12-01,0.3183064329012763,0.3693720153348734,0.2018597669245058,2024,12
